ID,Name,Surname,PhoneNumber,email
1,Anton,Moroz,79843757103,Duma@gmail.com
2,Svetlana,Mironenko,79142248115,Galich@gmail.com
3,Vasilisa,Sidorenko,79917642768,Moroz@yandex.ru
4,Inna,Shapiro,79572102853,Galich@gmail.com
5,Anna,Mironenko,79852531624,Duma@gmail.com
6,Anna,Sidorenko,79482941588,Galich@mail.ru
7,Anton,Kovalenko,79708251156,Kovalenko@gmail.com
8,Miron,Shapiro,79589566292,Kovalenko@mail.ru
9,Olga,Kovalenko,79808184189,Mironenko@gmail.com
10,Anna,Duma,79664168134,Kovalenko@mail.ru
11,Vasilisa,Sidorenko,79524425962,Sidorenko@yandex.ru
12,Igor,Shagal,79411103295,Sidorenko@yandex.ru
13,Anna,Duma,79394831447,Mironenko@yandex.ru
14,Miron,Duma,79644327455,Galich@mail.ru
15,Viktor,Shagal,79767681605,Kovalenko@gmail.com
16,Inna,Sidorenko,79215656673,Moroz@mail.ru
17,Anna,Duma,79837842779,Galich@gmail.com
18,Anna,Sidorenko,79077781991,Sidorenko@yandex.ru
19,Anna,Kovalenko,79246511364,Sidorenko@mail.ru
20,Anton,Shapiro,79214864528,Shagal@yandex.ru
21,Anna,Kovalenko,79241274003,Moroz@mail.ru
22,Anna,Duma,79254949198,Galich@gmail.com
23,Svetlana,Mironenko,79662645219,Duma@gmail.com
24,Anna,Galich,79626057572,Sidorenko@gmail.com
25,Vasilisa,Mironenko,79029430479,Shapiro@yandex.ru
26,Inna,Sidorenko,79024167604,Duma@gmail.com
27,Miron,Sidorenko,79499438296,Shapiro@yandex.ru
28,Olga,Kovalenko,79769751745,Kovalenko@gmail.com
29,Miron,Shapiro,79847633636,Shapiro@mail.ru
30,Svetlana,Galich,79211716459,Kovalenko@gmail.com
31,Anna,Moroz,79100464360,Sidorenko@gmail.com
32,Svetlana,Shagal,79029502990,Galich@mail.ru
33,Anna,Sidorenko,79898087871,Sidorenko@mail.ru
34,Vasilisa,Shapiro,79743015010,Shagal@gmail.com
35,Anna,Moroz,79336962072,Kovalenko@yandex.ru
36,Svetlana,Duma,79972798614,Duma@gmail.com
37,Alex,Shapiro,79671076075,Mironenko@yandex.ru
38,Anna,Duma,79267462185,Shapiro@gmail.com
39,Alex,Mironenko,79420499107,Duma@gmail.com
40,Igor,Galich,79549796276,Shapiro@mail.ru
41,Anton,Duma,79167728769,Shapiro@mail.ru
42,Miron,Sidorenko,79293814098,Kovalenko@yandex.ru
43,Igor,Galich,79661183084,Galich@yandex.ru
44,Viktor,Galich,79393842473,Duma@mail.ru
45,Viktor,Mironenko,79428264982,Mironenko@mail.ru
46,Olga,Mironenko,79065210258,Sidorenko@yandex.ru
47,Vasilisa,Shapiro,79849071055,Sidorenko@yandex.ru
48,Igor,Duma,79238531785,Kovalenko@gmail.com
49,Vasilisa,Shapiro,79693137122,Sidorenko@gmail.com
50,Anna,Kovalenko,79169199659,Shagal@gmail.com
51,Anton,Duma,79698955958,Duma@gmail.com
52,Vasilisa,Sidorenko,79339602790,Galich@gmail.com
53,Svetlana,Duma,79222596362,Sidorenko@yandex.ru
54,Anna,Sidorenko,79229821641,Sidorenko@gmail.com
55,Vasilisa,Kovalenko,79881175275,Moroz@gmail.com
56,Anton,Sidorenko,79386034269,Duma@yandex.ru
57,Anna,Galich,79710761634,Mironenko@mail.ru
58,Anton,Mironenko,79223219462,Moroz@mail.ru
59,Anna,Sidorenko,79209297680,Duma@yandex.ru
60,Vasilisa,Duma,79041485402,Shagal@mail.ru
61,Alex,Shapiro,79036882218,Moroz@yandex.ru
62,Alex,Galich,79191254508,Duma@mail.ru
63,Viktor,Shagal,79753263557,Shagal@yandex.ru
64,Olga,Duma,79031542963,Duma@mail.ru
65,Igor,Mironenko,79062090600,Duma@yandex.ru
66,Vasilisa,Duma,79867697470,Galich@yandex.ru
67,Inna,Kovalenko,79286853274,Mironenko@mail.ru
68,Anna,Moroz,79354697838,Mironenko@mail.ru
69,Viktor,Shapiro,79565774638,Sidorenko@mail.ru
70,Miron,Kovalenko,79001536958,Kovalenko@yandex.ru
71,Anton,Shagal,79589180148,Sidorenko@mail.ru
72,Anna,Kovalenko,79530322085,Moroz@yandex.ru
73,Olga,Moroz,79959153612,Kovalenko@yandex.ru
74,Alex,Shapiro,79487734521,Shagal@gmail.com
75,Viktor,Duma,79615027240,Moroz@mail.ru
76,Alex,Shagal,79284005572,Moroz@yandex.ru
77,Anton,Galich,79746558678,Galich@mail.ru
78,Miron,Galich,79942204141,Galich@mail.ru
79,Miron,Mironenko,79272814130,Shagal@gmail.com
80,Inna,Mironenko,79311387341,Galich@mail.ru
81,Inna,Shapiro,79739124176,Moroz@gmail.com
82,Alex,Mironenko,79360668273,Mironenko@yandex.ru
83,Alex,Kovalenko,79124408697,Moroz@yandex.ru
84,Viktor,Kovalenko,79937310001,Mironenko@gmail.com
85,Svetlana,Moroz,79211824792,Galich@mail.ru
86,Olga,Galich,79533777627,Duma@yandex.ru
87,Olga,Moroz,79768668671,Shapiro@gmail.com
88,Alex,Kovalenko,79509764536,Moroz@gmail.com
89,Olga,Sidorenko,79352020579,Moroz@yandex.ru
90,Svetlana,Duma,79441534851,Duma@yandex.ru
91,Svetlana,Kovalenko,79723464971,Shapiro@mail.ru
92,Anna,Moroz,79752774718,Moroz@yandex.ru
93,Olga,Moroz,79132314900,Shapiro@gmail.com
94,Olga,Shagal,79673592711,Duma@mail.ru
95,Olga,Moroz,79862134597,Duma@yandex.ru
96,Igor,Duma,79287943881,Duma@gmail.com
97,Miron,Mironenko,79785009085,Mironenko@mail.ru
98,Svetlana,Shagal,79613900116,Sidorenko@gmail.com
99,Inna,Kovalenko,79407512324,Galich@yandex.ru
100,Anna,Shagal,79575932490,Galich@mail.ru
